ISO3;Land;Jahr;PM2,5 (ug/m3);PM10 (ug/m3);NO2 (ug/m3);Gesamtschadstoffe (ug/m3);Erkrankungen des Kreislaufsystems (Todesfalle pro 100.000);Erkrankungen der Atemwege (Todesfalle pro 100.000);Krebs der Atemwege (Todesfalle pro 100.000);Todesfalle insgesamt (pro 100.000);Fossiler_Energieerzeugung (TWh);nukleare_Energieerzeugung (TWh);Erneuerbare_Energieerzeugung (TWh);Erneuerbare + nukleare_Energieerzeugung (TWh)
AUT;Austria;2010;18,14;22,98;21,86;62,98;207,07;4,94;15,87;227,88;23;0;45;45
AUT;Austria;2011;16,1;22,13;25;63,23;196,78;4,99;15,51;217,28;21;0;41;41
AUT;Austria;2012;15;21;24;60;199,9;4,4;14,72;219,02;17;0;51;51
AUT;Austria;2013;15,9;20,75;21,08;57,73;197,92;5,19;14,13;217,24;14;0;50;50
AUT;Austria;2014;13,11;18,09;19,42;50,62;187,53;3,81;14,52;205,86;11;0;50;50
AUT;Austria;2015;13,71;19,37;20,37;53,45;196,54;5,12;13,45;215,11;14;0;48;48
AUT;Austria;2016;12,14;16,86;19,05;48,05;181,58;4,61;13,18;199,37;14;0;51;51
AUT;Austria;2017;12,58;17,26;19,14;48,98;177,55;4,99;12,62;195,16;16;0;51;51
AUT;Austria;2018;13,56;18,65;17,61;49,82;173,97;6,07;12,45;192,49;15;0;50;50
AUT;Austria;2019;11,09;15,5;16,64;43,23;168,52;5,13;11,4;185,05;16;0;55;55
BEL;Belgium;2010;16,72;26,1;25,02;67,84;159,44;9,23;19,19;187,86;39;48;6;54
BEL;Belgium;2011;15,5;24,12;24,89;64,51;149,24;9,22;18,99;177,45;32;48;8;56
BEL;Belgium;2012;15;23,8;24,56;63,36;146,61;8,3;18,21;173,12;31;40;10;50
BEL;Belgium;2013;14,81;23,5;23,98;62,29;142,15;9,13;17,79;169,07;27;43;12;55
BEL;Belgium;2014;12,18;20,56;21,75;54,49;132,71;7,67;16,75;157,13;25;34;12;46
BEL;Belgium;2015;12,63;20,52;21,02;54,17;135,83;8,46;16,5;160,79;28;26;14;40
BEL;Belgium;2016;12,45;19,79;21,66;53,9;127,25;8,71;15,37;151,33;26;44;14;58
BEL;Belgium;2017;12,11;19,56;21,63;53,3;124,29;7,54;13,91;145,74;27;42;16;58
BEL;Belgium;2018;12,55;20,87;20,02;53,44;117,68;8,89;13,06;139,63;28;29;17;46
BEL;Belgium;2019;10,93;18,67;18,74;48,34;108,92;7,77;12,09;128,78;29;42;19;61
BGR;Bulgaria;2010;23,85;44,92;21,51;90,28;621,69;17,22;20,71;659,62;25;15;6;21
BGR;Bulgaria;2011;22,98;42,34;21,34;86,66;595,99;15,74;21,04;632,77;30;16;4;20
BGR;Bulgaria;2012;22,32;41,35;20,46;84,13;574,47;14,87;21,21;610,55;25;16;5;21
BGR;Bulgaria;2013;19,96;39,93;18,21;78,1;541,11;13,37;20,67;575,15;22;14;7;21
BGR;Bulgaria;2014;21,74;41,49;18,6;81,83;564,56;16,1;19,72;600,38;24;16;7;23
BGR;Bulgaria;2015;23,97;37,89;18,28;80,14;558,68;14,25;20,38;593,31;25;15;9;24
BGR;Bulgaria;2016;19,23;35,32;20,17;74,72;546,62;16,78;18,37;581,77;22;16;7;23
BGR;Bulgaria;2017;19,57;33,95;18,37;71,89;552,66;16,27;18,07;587;23;16;6;22
BGR;Bulgaria;2018;19,58;32,98;18,15;70,71;538,59;16,18;18;572,77;21;16;9;25
BGR;Bulgaria;2019;16,54;29;18,34;63,88;518,87;15,97;17,95;552,79;20;17;7;24
HRV;Croatia;2010;23,57;26,66;21,29;71,52;370,71;5,12;24,49;400,32;5;0;9;9
HRV;Croatia;2011;23,46;27,87;21,05;72,38;350,93;5,39;23,92;380,24;6;0;5;5
HRV;Croatia;2012;23,12;28,65;20,78;72,55;342,02;5,59;22,64;370,25;5;0;5;5
HRV;Croatia;2013;23,01;31,18;20,24;74,43;324,09;5,56;23,94;353,59;5;0;9;9
HRV;Croatia;2014;20,04;26,63;18,67;65,34;314,03;4,73;23,6;342,36;3;0;10;10
HRV;Croatia;2015;15,61;24,86;19,79;60,26;330,69;6,32;23,43;360,44;4;0;8;8
HRV;Croatia;2016;17,27;25,4;18,62;61,29;291,98;5,15;22,06;319,19;4;0;8;8
HRV;Croatia;2017;15,55;23,02;19,73;58,3;290,83;5,49;22,32;318,64;5;0;7;7
HRV;Croatia;2018;15,68;24,01;15,22;54,91;281,65;5,13;20,43;307,21;4;0;10;10
HRV;Croatia;2019;13,72;22,04;17,13;52,89;261,53;6,26;18,98;286,77;4;0;8;8
CYP;Cyprus;2010;20,05;45,27;18,31;83,63;179,55;4,77;7,26;191,58;5;0;5;0
CYP;Cyprus;2011;19,83;41,36;17,87;79,06;193,28;2,91;9,69;205,88;5;0;5;0
CYP;Cyprus;2012;18,34;38,93;17,03;74,3;184,83;3,17;9,75;197,75;4;0;4;0
CYP;Cyprus;2013;15,96;36,92;16,47;69,35;161,53;3,25;8,5;173,28;4;0;4;0
CYP;Cyprus;2014;16,2;33,66;16,38;66,24;166,18;2,76;8,26;177,2;4;0;4;0
CYP;Cyprus;2015;15,95;34,4;16,96;67,31;179,05;4;9,61;192,66;4;0;4;0
CYP;Cyprus;2016;11,51;29,28;16,22;57,01;153,03;3,69;7,53;164,25;4;0;4;0
CYP;Cyprus;2017;13,72;26,87;15,03;55,62;160,23;3,95;9,22;173,4;5;0;5;0
CYP;Cyprus;2018;12,94;33,14;14,35;60,43;137,54;3,61;9,83;150,98;5;0;5;0
CYP;Cyprus;2019;13,03;24,15;14,92;52,1;132,35;4,56;8,47;145,38;4;0;4;0
CZE;Czechia;2010;23,61;29,07;19,31;71,99;344,14;11,41;17,93;373,48;51;28;6;34
CZE;Czechia;2011;21,34;27,43;19,02;67,79;331,47;10,48;16,81;358,76;51;28;7;35
CZE;Czechia;2012;20,65;26,87;18,43;65,95;325,05;9,27;16,72;351,04;48;30;8;38
CZE;Czechia;2013;20,16;25,9;17,7;63,76;309,72;10,89;14,81;335,42;46;31;9;40
CZE;Czechia;2014;19,37;25,63;16,78;61,78;284,47;8,77;13,96;307,2;46;30;9;39
CZE;Czechia;2015;17,95;23,31;16,32;57,58;291,15;10,46;13,04;314,65;46;27;9;36
CZE;Czechia;2016;18,46;21,8;15;55,26;266,6;10,62;12,69;289,91;49;24;9;33
CZE;Czechia;2017;18,75;22,19;15,01;55,95;270,04;9,92;12,26;292,22;48;28;10;38
CZE;Czechia;2018;20,41;24,48;14,91;59,8;261,6;10,41;11,26;283,27;48;30;9;39
CZE;Czechia;2019;15,28;19,42;14,76;49,46;249,34;10,63;10,6;270,57;46;30;9;39
DNK;Denmark;2010;15,09;21,55;25,33;61,97;154,53;9,33;16,82;180,68;26;0;12;12
DNK;Denmark;2011;14,98;21,22;22,34;58,54;139,19;9,8;15,72;164,71;21;0;14;14
DNK;Denmark;2012;14,03;21,98;21,65;57,66;135,85;8,69;15,8;160,34;16;0;15;15
DNK;Denmark;2013;11,06;21,74;18,14;50,94;129,84;8,67;15,44;153,95;19;0;16;16
DNK;Denmark;2014;13,26;22,19;18;53,45;121,62;8,54;15,67;145,83;14;0;18;18
DNK;Denmark;2015;11,26;20,66;12,54;44,46;123,53;8,72;14,53;146,78;10;0;19;19
DNK;Denmark;2016;10,29;18,73;12,78;41,8;123,34;9,4;13,86;146,6;12;0;18;18
DNK;Denmark;2017;9,41;17,99;11,95;39,35;117,57;8,77;13,01;139,35;9;0;22;22
DNK;Denmark;2018;12,22;21,1;12,07;45,39;112,62;9,41;11,37;133,4;10;0;21;21
DNK;Denmark;2019;10,24;18,85;10,7;39,79;105,42;8,81;11,47;125,7;7;0;23;23
FIN;Finland;2010;8,53;14,89;16,76;40,18;213,57;4,7;9,91;228,18;33;23;24;47
FIN;Finland;2011;7,87;14,56;16,39;38,82;203,69;4,96;9,37;218,02;26;23;24;47
FIN;Finland;2012;7,43;13,89;15,56;36,88;198,52;3,85;8,59;210,96;19;23;29;52
FIN;Finland;2013;6,41;13,14;14,3;33,85;187,11;3,89;8,84;199,84;22;24;26;50
FIN;Finland;2014;7,61;14,6;14,65;36,86;181,82;3,49;7,89;193,2;18;24;26;50
FIN;Finland;2015;5,7;12,48;13,35;31,53;175,61;3,22;7,46;186,29;15;23;31;54
FIN;Finland;2016;5,73;11,93;13,05;30,71;173,87;4,36;8,01;186,24;15;23;30;53
FIN;Finland;2017;4,51;10,54;12,31;27,36;165,97;3,35;7,59;176,91;13;22;31;53
FIN;Finland;2018;6,02;13,12;11,71;30,85;160,78;3,3;6,97;171,05;15;23;32;55
FIN;Finland;2019;5,31;11,39;10,49;27,19;152,69;3,18;6,35;162,22;13;24;31;55
FRA;France;2010;17,75;24,38;23,07;65,2;113,9;4,63;19,56;138,09;58;429;78;507
FRA;France;2011;14,65;26,87;22,32;63,84;107,15;4,99;19,74;131,88;59;442;66;508
FRA;France;2012;13,87;20,54;22,43;56,84;105,52;4,51;19,45;129,48;56;425;85;510
FRA;France;2013;11,25;19,87;21,87;52,99;101,52;4,61;18,69;124,82;53;424;99;523
FRA;France;2014;9,02;19,43;10,53;38,98;97,2;4,26;19,01;120,47;36;436;94;530
FRA;France;2015;12,75;20,04;20,16;52,95;96,37;4,76;18,78;119,91;45;437;92;529
FRA;France;2016;11,57;18,15;19,09;48,81;94,25;4,5;17,67;116,42;57;403;99;502
FRA;France;2017;10,97;18,24;18,81;48,02;93,62;4,63;16,6;114,85;65;398;93;491
FRA;France;2018;10,37;17,67;17,45;45,49;92,07;5,4;15,92;113,39;50;413;113;526
FRA;France;2019;9,42;17,02;16,6;43,04;91,05;4,9;15,67;111,62;54;399;112;511
DEU;Germany;2010;17,35;22,57;25,71;65,63;208,71;6,96;15,51;231,18;381;141;105;246
DEU;Germany;2011;16,24;22,02;25,32;63,58;196,6;7,31;15,63;219,54;375;108;124;232
DEU;Germany;2012;15,65;21,37;24,98;62;195,2;6,49;15,32;217,01;381;100;143;243
DEU;Germany;2013;14,11;19,76;29,82;63,69;199,75;7,6;15,58;222,93;383;97;152;249
DEU;Germany;2014;14,03;19,46;25,51;59;186,28;6,68;15,16;208,12;362;97;163;260
DEU;Germany;2015;12,68;18,32;25,02;56,02;191,14;7,68;14,89;213,71;362;92;189;281
DEU;Germany;2016;12,2;17,07;24,9;54,17;178,23;7,24;14,53;200;371;85;190;275
DEU;Germany;2017;12,08;16,82;23,6;52,5;177,31;7,19;13,68;198,18;355;76;217;293
DEU;Germany;2018;12,58;17,95;23,74;54,27;175,5;7,9;13,36;196,76;337;76;225;301
DEU;Germany;2019;10,36;15,56;21,72;47,64;164,51;7,3;12,45;184,26;286;75;242;317
GRC;Greece;2010;14,86;38,54;25,73;79,13;228,92;8,04;17,58;254,54;47;0;11;11
GRC;Greece;2011;16,34;36,98;24,84;78,16;220,11;7,64;17,59;245,34;51;0;8;8
GRC;Greece;2012;15,7;35,56;23,31;74,57;217,55;6,24;18,53;242,32;51;0;10;10
GRC;Greece;2013;10,02;33,3;20,25;63,57;202,45;6,65;18,33;227,43;43;0;14;14
GRC;Greece;2014;17,43;31,55;22,43;71,41;187,95;7,02;18,29;213,26;38;0;12;12
GRC;Greece;2015;18,85;32,37;24,34;75,56;188,28;6,86;17,56;212,7;37;0;15;15
GRC;Greece;2016;17,05;32,2;26,63;75,88;176,22;6,87;17;200,09;40;0;15;15
GRC;Greece;2017;16,46;28,74;28,84;74,04;182,12;5,25;15,89;203,26;41;0;14;14
GRC;Greece;2018;16,6;30,26;29,2;76,06;169,75;5,08;15,71;190,54;37;0;16;16
GRC;Greece;2019;16,84;29,48;24,62;70,94;166,37;5,72;15,01;187,1;34;0;16;16
HUN;Hungary;2010;21,64;29,78;20,98;72,4;418,73;16,18;41,32;476,23;19;16;3;19
HUN;Hungary;2011;20,54;28,72;7,16;56,42;402,07;17,27;39,93;459,27;18;16;3;19
HUN;Hungary;2012;18,56;27,73;19,43;65,72;400,94;14,83;39,22;454,99;16;16;3;19
HUN;Hungary;2013;17,02;26,22;19,35;62,59;387,05;15,75;37,9;440,7;12;15;3;18
HUN;Hungary;2014;15,85;25,3;18,82;59,97;380,5;15,9;36,48;432,88;11;16;3;19
HUN;Hungary;2015;12,43;26,42;19,73;58,58;376,09;15,92;38,55;430,56;11;16;3;19
HUN;Hungary;2016;10,13;24,03;18,82;52,98;370,67;16,3;34,13;421,1;13;16;3;19
HUN;Hungary;2017;14,85;27,15;20,31;62,31;381,84;18,65;32,57;433,06;13;16;3;19
HUN;Hungary;2018;18,58;25,8;18,8;63,18;372,47;18,04;31,72;422,23;12;16;4;20
HUN;Hungary;2019;14,8;23,45;17,78;56,03;361,09;18,73;28,39;408,21;13;16;5;21
ISL;Iceland;2010;7,74;20,95;7,23;35,92;166,34;3,27;13,17;182,78;1;0;18;18
ISL;Iceland;2011;7,71;17,43;8,43;33,57;155,38;4,25;13,23;172,86;1;0;19;19
ISL;Iceland;2012;7,69;15,59;7,32;30,6;142,04;3,47;8,82;154,33;1;0;19;19
ISL;Iceland;2013;7,43;11,66;1,08;20,17;149,35;2,42;9,93;161,7;1;0;20;20
ISL;Iceland;2014;7,64;6,03;2,99;16,66;137,87;4,57;12,32;154,76;1;0;20;20
ISL;Iceland;2015;6,43;9,52;11,45;27,4;150,28;2,39;7,55;160,22;1;0;21;21
ISL;Iceland;2016;6,7;8,91;8,22;23,83;140,68;5,16;10,97;156,81;1;0;21;21
ISL;Iceland;2017;5,2;10,24;7,81;23,25;132,22;3,42;10,29;145,93;1;0;22;22
ISL;Iceland;2018;4,33;9,42;7,72;21,47;124,32;3,59;6,74;134,65;1;0;22;22
ISL;Iceland;2019;3,99;9,61;8,53;22,13;128,47;2,99;5,8;137,26;1;0;23;23
IRL;Ireland;2010;11,46;17,09;17,58;46,13;173,45;6,1;12,98;192,53;24;0;4;4
IRL;Ireland;2011;11,23;16,98;16,82;45,03;172,64;6,3;12,81;191,75;22;0;5;5
IRL;Ireland;2012;10,54;16,82;15,85;43,21;171,61;5,82;12,43;189,86;22;0;5;5
IRL;Ireland;2013;10,88;16,52;13,26;40,66;167,14;5,99;11,56;184,69;20;0;6;6
IRL;Ireland;2014;7,57;14,72;7,19;29,48;162,45;6,2;11,23;179,88;19;0;6;6
IRL;Ireland;2015;7,03;13,29;6,66;26,98;156,54;6,49;10,77;173,8;20;0;8;8
IRL;Ireland;2016;8,87;13,75;14,58;37,2;148,34;6,3;10,43;165,07;23;0;8;8
IRL;Ireland;2017;7,33;12,31;14,05;33,69;143,76;6,5;10,12;160,38;22;0;9;9
IRL;Ireland;2018;7,87;13,59;13,68;35,14;137,79;6,58;9,59;153,96;21;0;10;10
IRL;Ireland;2019;8,9;14,21;16,47;39,58;135,65;6,3;9,87;151,82;20;0;11;11
ITA;Italy;2010;20,09;27,55;27,79;75,43;159,79;3,35;12,26;175,4;221;0;77;77
ITA;Italy;2011;19,72;26,98;26,38;73,08;159,32;3,85;12,43;175,6;217;0;83;83
ITA;Italy;2012;19,15;26,17;25,62;70,94;159,01;3,45;11,83;174,29;204;0;92;92
ITA;Italy;2013;18,27;25,56;24,81;68,64;149,21;3,43;11,43;164,07;175;0;112;112
ITA;Italy;2014;16,1;23,51;22,91;62,52;143,61;3,21;11,15;157,97;157;0;121;121
ITA;Italy;2015;18,68;26,74;23,55;68,97;152,05;3,73;10,97;166,75;172;0;109;109
ITA;Italy;2016;16,37;23,64;21,96;61,97;138,23;3,3;10,34;151,87;179;0;108;108
ITA;Italy;2017;17,19;25,15;21,85;64,19;141,6;3,54;10,18;155,32;189;0;104;104
ITA;Italy;2018;15,29;23,33;19,45;58,07;133,24;3,84;9,77;146,85;173;0;114;114
ITA;Italy;2019;14,43;22,6;19,41;56,44;125,54;3,84;9,01;138,39;173;0;117;117
LVA;Latvia;2010;21,49;26,07;34,62;82,18;492,92;13,09;18,07;524,08;3;0;4;4
LVA;Latvia;2011;19,39;24,39;26,83;70,61;466,18;14,86;17,05;498,09;3;0;3;3
LVA;Latvia;2012;17,82;22,83;23,38;64,03;470,47;13,55;16,63;500,65;2;0;4;4
LVA;Latvia;2013;14,1;21,55;17,58;53,23;462,4;16,84;15,49;494,73;3;0;4;4
LVA;Latvia;2014;16,72;24,84;16,7;58,26;447,47;11,71;14,82;474;2;0;3;3
LVA;Latvia;2015;16,2;21,22;15,71;53,13;438,6;10,19;14,04;462,83;3;0;3;3
LVA;Latvia;2016;13,8;19,23;13,07;46,1;429,5;12,68;12,83;455,01;3;0;3;3
LVA;Latvia;2017;12,71;18,14;12,11;42,96;424,8;12,02;14,04;450,86;2;0;5;5
LVA;Latvia;2018;14,17;21,87;13,94;49,98;417,33;13,67;12,8;443,8;3;0;3;3
LVA;Latvia;2019;11,43;19,88;13,04;44,35;392,4;11,77;12,84;417,01;3;0;3;3
LTU;Lithuania;2010;15,86;28,16;14,18;58,2;479,79;12,2;16,09;508,08;4;0;1;1
LTU;Lithuania;2011;15,58;27,92;14,22;57,72;459,51;12,13;15,59;487,23;3;0;1;1
LTU;Lithuania;2012;15,41;28,43;14,45;58,29;451,08;12,02;16,25;479,35;3;0;1;1
LTU;Lithuania;2013;15,09;28,81;14,75;58,65;442,44;14,53;16,53;473,5;2;0;2;2
LTU;Lithuania;2014;14,29;26,69;13,91;54,89;419,49;10,21;16,17;445,87;2;0;2;2
LTU;Lithuania;2015;12,48;23,05;13,65;49,18;431,91;12;16,16;460,07;2;0;2;2
LTU;Lithuania;2016;11,04;21,22;14,31;46,57;418,07;12,4;14,17;444,64;1;0;2;2
LTU;Lithuania;2017;11,74;19,97;14;45,71;396,95;9,33;13,23;419,51;1;0;3;3
LTU;Lithuania;2018;13,67;24,32;16,51;54,5;381,81;10,38;12,01;404,2;1;0;2;2
LTU;Lithuania;2019;13,16;23,76;14,57;51,49;361,4;11,09;12,3;384,79;1;0;2;2
LUX;Luxembourg;2010;14,07;19,13;23,73;56,93;167,25;4,66;13,52;185,43;3;0;3;0
LUX;Luxembourg;2011;14,35;19,34;24,12;57,81;163,8;5,66;14,3;183,76;2;0;2;0
LUX;Luxembourg;2012;15,14;19,01;23,35;57,5;151,78;4,13;15,8;171,71;2;0;2;0
LUX;Luxembourg;2013;15,93;19,25;25,83;61,01;141,15;4,52;12,35;158,02;1;0;2;0
LUX;Luxembourg;2014;11,74;18,32;20,12;50,18;134,23;5,27;13,49;152,99;2;0;2;0
LUX;Luxembourg;2015;11,58;19,46;21,96;53;127,82;3,38;10,06;141,26;1;0;2;0
LUX;Luxembourg;2016;11,1;19,17;18,96;49,23;131,81;4,86;17,28;153,95;0;0;1;0
LUX;Luxembourg;2017;9,84;18,42;18,01;46,27;133,28;4,18;11;148,46;0;0;1;1
LUX;Luxembourg;2018;9,48;18,65;25,48;53,61;131,57;9,21;1,53;142,31;0;0;1;1
LUX;Luxembourg;2019;7,99;15,86;21,27;45,12;109,78;5,6;9,41;124,79;0;0;1;1
MLT;Malta;2010;14,98;36,78;18,94;70,7;188,41;4,23;11,64;204,28;2;0;2;0
MLT;Malta;2011;14,54;34,76;18,01;67,31;230,59;3,42;10,4;244,41;2;0;2;0
MLT;Malta;2012;13,94;33,56;17,34;64,84;241,64;6,96;9,28;257,88;2;0;2;0
MLT;Malta;2013;13,21;30,2;17,56;60,97;189,04;6,42;7,77;203,23;2;0;2;0
MLT;Malta;2014;12,12;29,44;8,62;50,18;174,7;4,6;9,95;189,25;2;0;2;0
MLT;Malta;2015;13,31;29,81;17,48;60,6;182,24;3,03;10,9;196,17;1;0;2;0
MLT;Malta;2016;11,87;33,17;17,8;62,84;156,11;3,81;11,4;171,32;1;0;2;0
MLT;Malta;2017;11,64;26,94;18,32;56,9;156,02;4,51;11,14;171,67;1;0;2;0
MLT;Malta;2018;12,08;31,53;15,66;59,27;154,54;4,6;8,43;167,57;2;0;2;0
MLT;Malta;2019;11,8;29,87;14,96;56,63;152,23;4,32;9,34;165,89;2;0;2;0
NLD;Netherlands;2010;16,92;25,34;25,18;67,44;146,72;6,19;18,03;170,94;104;4;11;15
NLD;Netherlands;2011;16,34;24,32;24,83;65,49;139,19;7,02;18,52;164,73;97;4;12;16
NLD;Netherlands;2012;15,82;23,39;24,21;63,42;136,44;6,74;17,79;160,97;87;4;12;16
NLD;Netherlands;2013;14,33;21,88;23,47;59,68;133,01;5,94;17,38;156,33;87;3;12;15
NLD;Netherlands;2014;13,53;20,95;23,09;57,57;127,21;5,16;16,91;149,28;87;4;12;16
NLD;Netherlands;2015;12,54;19,17;21,69;53,4;128,83;6,05;16,13;151,01;92;4;14;18
NLD;Netherlands;2016;10,84;18,03;22,4;51,27;123,52;6,38;15,49;145,39;96;4;15;19
NLD;Netherlands;2017;11,09;18,81;21,72;51,62;118,71;6,03;14,78;139,52;96;3;17;20
NLD;Netherlands;2018;12,34;20,06;20,96;53,36;109,94;6,26;13,9;130,1;92;4;19;23
NLD;Netherlands;2019;10,91;18,39;19,66;48,96;99,17;5,76;12,75;117,68;95;4;23;27
NOR;Norway;2010;10,55;20,74;30,13;61,42;151,82;5,38;13,13;170,33;4;0;140;140
NOR;Norway;2011;9,93;20,54;30,11;60,58;146,96;6,27;12,22;165,45;3;0;142;142
NOR;Norway;2012;9,31;20,35;30,2;59,86;146,23;5,42;10,99;162,64;3;0;144;144
NOR;Norway;2013;8,92;20,7;30,37;59,99;134,33;5,51;10,55;150,39;3;0;146;146
NOR;Norway;2014;7,22;16,77;21,05;45,04;128,09;4,92;10,73;143,74;3;0;148;148
NOR;Norway;2015;6,52;15,54;21,54;43,6;125,28;4,87;9,68;139,83;3;0;150;150
NOR;Norway;2016;6,53;14,56;21,11;42,2;116,63;5,23;8,83;130,69;3;0;152;152
NOR;Norway;2017;6,04;13,15;19,14;38,33;112,43;5,3;8,54;126,27;3;0;154;154
NOR;Norway;2018;7,04;14,83;19,5;41,37;111,23;5,2;7,98;124,41;3;0;156;156
NOR;Norway;2019;6,45;13,63;19,42;39,5;109,23;5,4;8,11;122,74;3;0;158;158
POL;Poland;2010;29,42;37,05;17,92;84,39;335,6;10,58;24,22;370,4;146;0;11;11
POL;Poland;2011;26,87;34,38;17,29;78,54;317,68;10,91;23,6;352,19;150;0;13;13
POL;Poland;2012;25,45;33,19;17,03;75,67;323,69;9,71;23,27;356,67;145;0;17;17
POL;Poland;2013;24,48;32,99;16,83;74,3;315,02;11,43;22,47;348,92;147;0;17;17
POL;Poland;2014;24,82;34,52;16,71;76,05;292,37;9,38;21,59;323,34;139;0;20;20
POL;Poland;2015;23,3;32,83;16,5;72,63;302,49;10,86;21,35;334,7;142;0;23;23
POL;Poland;2016;22,4;31,04;16,37;69,81;272,92;10,94;19,98;303,84;143;0;23;23
POL;Poland;2017;22,87;31,74;16,22;70,83;263,16;10,78;18,86;292,8;146;0;24;24
POL;Poland;2018;23,28;32,18;16,16;71,62;256,29;12,18;18,18;286,65;148;0;22;22
POL;Poland;2019;18,73;26,37;14,61;59,71;247,58;12,2;16,87;276,65;138;0;25;25
PRT;Portugal;2010;8,05;24,17;21,38;53,6;169,25;7,13;12,46;188,84;25;0;28;28
PRT;Portugal;2011;7,93;23,35;19,35;50,63;151,93;7,5;13,28;172,71;28;0;24;24
PRT;Portugal;2012;7,23;22,73;16,33;46,29;152,32;6,09;12,73;171,14;26;0;19;19
PRT;Portugal;2013;6,38;20,35;14,87;41,6;143,9;6,75;13,76;164,41;21;0;29;29
PRT;Portugal;2014;7,62;18,33;12,99;38,94;147,02;7,05;12,71;166,78;20;0;32;32
PRT;Portugal;2015;9,85;20,25;15,91;46,01;143,6;6,7;12,51;162,81;27;0;24;24
PRT;Portugal;2016;7,2;17,98;14,72;39,9;141,9;8,35;12,59;162,84;27;0;32;32
PRT;Portugal;2017;9,31;20,28;18,28;47,87;137,53;6,51;12,88;156,92;35;0;23;23
PRT;Portugal;2018;7,86;17,94;18,09;43,89;136,06;7,03;11,99;155,08;29;0;29;29
PRT;Portugal;2019;6,55;17,43;16,27;40,25;132,54;7,34;12,03;151,91;24;0;28;28
ROU;Romania;2010;15,78;25,58;21,23;62,59;539,76;23,48;23,2;586,44;29;12;20;32
ROU;Romania;2011;15,92;25,3;21,19;62,41;511,28;22,28;22,98;556,54;34;12;16;28
ROU;Romania;2012;16,02;24,82;20,83;61,67;500,41;23,03;23,44;546,88;32;11;15;26
ROU;Romania;2013;16,05;24,58;20,75;61,38;470,18;21,44;22,7;514,32;27;12;20;32
ROU;Romania;2014;14,5;22,85;17,03;54,38;463,05;21,8;23,18;508,03;26;12;27;39
ROU;Romania;2015;16,77;24,48;16,3;57,55;467,23;23,14;22,71;513,08;28;12;26;38
ROU;Romania;2016;16,23;22,27;18,62;57,12;447,5;23,55;22,22;493,27;26;11;27;38
ROU;Romania;2017;19,14;24,53;18,98;62,65;444,19;23,48;21,73;489,4;28;12;24;36
ROU;Romania;2018;18,27;24,49;20,11;62,87;436,41;25,84;21,14;483,39;27;11;26;37
ROU;Romania;2019;15,96;23,48;21,21;60,65;418,06;27,69;19,92;465,67;23;11;25;36
SVK;Slovakia;2010;21,65;33,88;28,84;84,37;440,21;14,72;16,66;471,59;7;15;6;21
SVK;Slovakia;2011;21,34;32,39;27,38;81,11;390,34;13,65;16,23;420,22;8;15;5;20
SVK;Slovakia;2012;20,39;30,29;26,62;77,3;349,53;11,66;15,9;377,09;7;15;5;20
SVK;Slovakia;2013;19,93;28,73;24,23;72,89;348,4;13,35;16,43;378,18;6;16;6;22
SVK;Slovakia;2014;19,21;26,86;18,74;64,81;323,17;10,71;14,62;348,5;5;15;6;21
SVK;Slovakia;2015;18,66;27,5;26,59;72,75;315,34;11,54;14,23;341,11;5;15;6;21
SVK;Slovakia;2016;14,91;22,47;19,12;56,5;308,87;11,29;13,41;333,57;5;15;7;22
SVK;Slovakia;2017;19,04;26,54;19,98;65,56;318,69;12,67;13,18;344,54;6;15;7;22
SVK;Slovakia;2018;18,12;25,63;18,08;61,83;296,25;12,71;11,76;320,72;6;15;6;21
SVK;Slovakia;2019;15,59;22,3;16,84;54,73;284,71;12,34;11,43;308,48;6;15;7;22
SVN;Slovenia;2010;18,7;28,53;22,1;69,33;218,4;3,5;20,23;242,13;6;6;5;11
SVN;Slovenia;2011;18,3;26,82;21,98;67,1;207,18;3,71;19,31;230,2;6;6;4;10
SVN;Slovenia;2012;17,82;25,58;21,22;64,62;205,84;3,61;19,24;228,69;6;6;4;10
SVN;Slovenia;2013;17,14;24,95;21,02;63,11;198,39;2,94;18,17;219,5;5;5;5;10
SVN;Slovenia;2014;15,07;22,4;19,01;56,48;198,26;2,11;18,12;218,49;4;6;7;13
SVN;Slovenia;2015;17,64;25,93;20,75;64,32;197,84;3,38;18,16;219,38;5;6;4;10
SVN;Slovenia;2016;17,38;23,71;19,35;60,44;186,85;2,92;17,66;207,43;5;6;5;11
SVN;Slovenia;2017;16,53;24,61;22,38;63,52;184,92;2,37;17,83;205,12;5;6;4;10
SVN;Slovenia;2018;15,37;24,03;18,67;58,07;179,51;2,33;15,62;197,46;5;6;5;11
SVN;Slovenia;2019;12,45;20,63;18,89;51,97;170,69;2,61;13,39;186,69;5;6;5;11
ESP;Spain;2010;9,87;21,76;18,09;49,72;137,58;6,23;17,03;160,84;138;62;98;160
ESP;Spain;2011;12,79;18,11;17,71;48,61;132,45;6,8;16,66;155,91;146;58;88;146
ESP;Spain;2012;12,6;18,02;16,23;46,85;130,36;6,15;16,73;153,24;145;61;87;148
ESP;Spain;2013;8,45;18,33;15,8;42,58;122,44;5,91;16,05;144,4;113;57;111;168
ESP;Spain;2014;8,47;18,73;15,48;42,68;119,19;6,15;15,27;140,61;107;57;110;167
ESP;Spain;2015;9,5;20,31;16,83;46,64;122,42;6,54;15,38;144,34;123;57;97;154
ESP;Spain;2016;8,36;18,64;15,61;42,61;116,14;6,45;15,05;137,64;108;59;105;164
ESP;Spain;2017;9,55;20,32;16,5;46,37;115,47;6,12;14,25;135,84;127;58;88;146
ESP;Spain;2018;9,02;17,97;14,5;41,49;112,18;6,92;13,99;133,09;112;56;104;160
ESP;Spain;2019;8,97;18,78;14,31;42,06;106,25;6,68;13,46;126,39;113;58;100;158
SWE;Sweden;2010;7,45;17,25;20,39;45,09;182,17;4,24;8,94;195,35;9;58;82;140
SWE;Sweden;2011;7,22;17,39;19,82;44,43;175,28;4,35;8,36;187,99;6;60;84;144
SWE;Sweden;2012;6,72;16,92;18,34;41,98;173,67;3,97;7,74;185,38;4;64;98;162
SWE;Sweden;2013;6,38;17,93;17,7;42,01;166,33;4,25;7,67;178,25;4;66;83;149
SWE;Sweden;2014;8,09;17,5;15,65;41,24;158,98;3,66;7,84;170,48;3;65;86;151
SWE;Sweden;2015;6,39;15,1;14,03;35,52;156,74;4,1;6,65;167,49;3;56;102;158
SWE;Sweden;2016;5,86;13,98;14,76;34,6;150,97;4,23;6,83;162,03;4;63;89;152
SWE;Sweden;2017;5,02;13,71;14,24;32,97;145,91;3,49;5,99;155,39;3;66;95;161
SWE;Sweden;2018;6,57;17,23;15,25;39,05;141,36;3,98;6,05;151,39;4;69;91;160
SWE;Sweden;2019;5,62;15,88;14,38;35,88;130,07;3,83;5,39;139,29;4;67;100;167
CHE;Switzerland;2010;15,34;17,57;20,91;53,82;144,92;3,44;12,56;160,92;2;25;36;61
CHE;Switzerland;2011;14,58;20,76;25,15;60,49;137,11;3,54;12,09;152,74;1;26;37;63
CHE;Switzerland;2012;12,73;17,85;24,24;54,82;138,07;3,52;11,5;153,09;1;27;38;65
CHE;Switzerland;2013;14,05;18,13;24,57;56,75;133,36;3,91;11,08;148,35;1;28;39;67
CHE;Switzerland;2014;8,98;14,96;23,24;47,18;129,65;3,76;10,76;144,17;1;29;40;69
CHE;Switzerland;2015;11,45;16,56;23,96;51,97;126,87;3,82;10,42;141,11;1;30;41;71
CHE;Switzerland;2016;10,22;14,37;22,43;47,02;118,99;3,61;10,04;132,64;1;31;42;73
CHE;Switzerland;2017;11,48;14,6;22,49;48,57;117,81;3,8;9,69;131,3;1;32;43;75
CHE;Switzerland;2018;11,25;14,63;20,22;46,1;112,63;3,74;9,34;125,71;1;33;44;77
CHE;Switzerland;2019;9,36;13,03;19,3;41,69;106,27;3,51;8,14;117,92;1;34;45;79
GBR;United Kingdom;2010;12,46;18,4;28,32;59,18;164,19;10,91;13,21;188,31;291;62;26;88
GBR;United Kingdom;2011;12,32;18,13;26,65;57,1;144,59;11,1;12,58;168,27;261;69;35;104
GBR;United Kingdom;2012;12,2;18,01;25,83;56,04;143,77;9,87;12,42;166,06;249;70;41;111
GBR;United Kingdom;2013;12,17;17,77;24,03;53,97;140,73;10,3;12,04;163,07;232;71;53;124
GBR;United Kingdom;2014;11,78;16,56;23,7;52,04;133,61;9,91;11,84;155,36;207;64;65;129
GBR;United Kingdom;2015;9,73;15,44;22,85;48,02;134,65;11,01;11,41;157,07;182;70;83;153
GBR;United Kingdom;2016;9,8;16,06;25,04;50,9;128,52;11,75;11,03;151,3;181;72;82;154
GBR;United Kingdom;2017;9,06;14,62;22,74;46,42;125,77;10,64;10,44;146,85;166;70;97;167
GBR;United Kingdom;2018;9,84;16,15;21,82;47,81;126,27;11,7;10,28;148,25;155;65;108;173
GBR;United Kingdom;2019;9,59;16,04;21,67;47,3;118,15;11,1;9,41;138,66;145;57;117;174
